3,OIL SEAL-DIST,Pajero,NA3H25,20,14.6
4,DISC-CLUTCH,Pajero,NA3H25,26,10.95
5,FUSIBLE LINK,Pajero,NC3V25,13,14.6
6,WEATHERSHIELD PKGE-L,Pajero,ND0000,12,3.65
7,SEAL & BOOT KIT,Pajero,ND1V45,10,32.85
8,FUSIBLE LINK,Pajero,ND1Z45,24,62.05
9,COVER-HANDLE LH,Pajero,ND1Z45,9,18.25
10,PIPE ASSY-OIL,Pajero,ND1Z45,6,3.65
11,GASKET-CYLINDER HEAD,Pajero,ND1Z45,18,94.9
12,SPACER-FRT BRG,Pajero,ND1Z45,28,18.25
13,GASKET-CONT HSG,Pajero,ND1Z45,7,91.25
15,COVER HANDLE LH,Pajero,NE1V45,22,14.6
16,NOZZLE,Pajero,NF1V45,20,51.1
17,SEAL KIT-G/BOX,Pajero,NF1V45,28,14.6
18,GASKET-T/BODY AIR VA,Pajero,NF5Z45,12,21.9
19,SPRING-EXTENSION,Pajero,NG1V45,22,14.6
21,RELAY-LIGHT CONTROL,Pajero,NG1V45,21,10.95
22,CLIP,Pajero,NG1V45,11,292
23,CLIP-ROD-SNAP,Pajero,NG1V45,10,76.65
24,CLIP-DOOR TRIM,Pajero,NG1V45,13,116.8
25,KEY-BLANK,Pajero,NG1V45,29,54.75
26,CLIP-SCUFF PLATE-REA,Pajero,NG1V45,30,324.85
27,COVER-DR I/S HANDLE-,Pajero,NG1V45,19,3.65
28,WEATHERSTRIP-F/DR WD,Pajero,NG1V45,22,14.6
29,TAPE-DIESEL,Pajero,NG1V45,29,43.8
30,SNAP-ROD-RH,Pajero,NG1V45,27,7.3
31,CHECK-F/DOOR,Pajero,NG1V45,29,3.65
32,GASKET-BASE,Pajero,NG1V45,18,32.85
33,BUMPER-FRONT CORNER-,Pajero,NG1V45,4,3.65
34,WEATHERSTRIP-RR BUMP,Pajero,NG1V45,13,21.9
35,HOSE-RADIATOR-UPPER,Pajero,NG1V45,30,32.85
36,NOZZLE ASSY-WINDSHIE,Pajero,NG1V45,29,21.9
37,SEAT BELT-FRONT-LH-D,Pajero,NG1V45,11,3.65
38,DUCT-AIR INTAKE,Pajero,NG1V45,26,3.65
39,SCREW-MACHINE-6X25MM,Pajero,NG1V45,15,105.85
40,SCREW & WASHER ASSY-,Pajero,NG3V45,9,58.4
41,PACKING,Pajero,NG3W25,13,87.6
42,PACKING,Pajero,NG3W25,5,91.25
43,CONNECTOR,Pajero,NG3W25,40,54.75
44,TAPE-FENDER-LH,Pajero,NG3W25,11,7.3
45,CAP ASSY,Pajero,NG3W25,24,29.2
46,JOINT-CORNER LH,Pajero,NG3W25,25,21.9
47,EMBLEM-FRONT FENDER-,Pajero,NG3W25,3,7.3
48,TAPE-QTR-RH-DK.ORANG,Pajero,NG3W45,30,3.65
49,STAY-REAR BUMPER-INN,Pajero,NG5Z45,11,3.65
50,FUEL FILTER ASSEMBLY,Pajero,NG5Z45,20,3.65
51,LABEL-EMISSION,Pajero,NG5Z45,25,3.65
52,COVER-G/SHIFT CONT L,Pajero,NG6Z45,23,32.85
53,DECAL-TURBO WAGON-SI,Pajero,NG7W45,16,10.95
54,MANUAL-WIRING HARNES,Pajero,NH0000,28,10.95
55,MANUAL-WORKSHOP,Pajero,NH0000,15,7.3
56,COMP & CLUTCH ASSY-T,Pajero,NH1V45,18,3.65
57,BELT-COMPRESSOR 17/3,Pajero,NH1V45,18,36.5
58,TUBE ASSY-F.D.R./EVA,Pajero,NH1V45,16,21.9
59,HOSE ASSY-COMPRESSOR,Pajero,NH1V45,2,29.2
60,BRACKET-AIR COMPRESS,Pajero,NH1V45,2,25.55
61,KNOB-CHOKE,Pajero,NH1V45,7,10.95
62,SEAL KIT-FR BRAKE CA,Pajero,NH1V45,27,3.65
63,MUD GUARD-RR-RH,Pajero,NH1V45,11,3.65
64,STOPPER-FR SUSP UPR,Pajero,NH1V45,24,3.65
65,BRACKET-FR BUMPER MO,Pajero,NH1V45,6,3.65
66,HEADLINING-FR-L.BEIG,Pajero,NH1V45,27,18.25
67,GASKET KIT-M/T OVERH,Pajero,NH1V45,29,10.95
68,BOLT & WASHER ASSY-6,Pajero,NH1V45,4,127.75
69,BELT; ALTERNATOR & OT,Pajero,NH3V25,29,25.55
70,HOSE-RADIATOR-LOWER,Pajero,NH3V25,19,7.3
71,CABLE-ACCELERATOR,Pajero,NH3V25,20,18.25
72,ANTENNA ASSY-MOTOR,Pajero,NH3V25,16,3.65
73,CLIP-HOOD INSULATOR,Pajero,NH3V25,2,51.1
74,HARNESS-CHASSIS-FR,Pajero,NH5W45,30,3.65
75,BOLT-FLANGE-10X30MM,Pajero,NH5W45,11,7.3
76,GASKET-T/F-G/SHFT CO,Pajero,NH6W45,16,65.7
77,HOOD,Pajero,NH7W45,21,7.3
78,GASKET-THERMOSTAT CA,Pajero,NH7W45,13,32.85
79,CABLE-THROTTLE,Pajero,NH7Z45,24,3.65
80,BRAKE PIN KIT,Pajero,NJ0000,27,7.3
81,MANUAL-W/SHOP-ELECT.,Pajero,NJ0000,8,10.95
82,MANUAL-WORKSHOP-CHAS,Pajero,NJ0000,25,14.6
83,DAMPER-HOOD,Pajero,NJ1V45,5,91.25
84,O-RING-129.4MM,Pajero,NJ1V45,25,3.65
85,CAP-R/DR ASST GRIP-U,Pajero,NJ3W45,8,21.9
86,BOLT-3RD SEAT,Pajero,NJ3W45,19,105.85
87,LABEL-TIRE PRESSURE,Pajero,NJ3Z45,29,18.25
88,GARNISH-FR DOOR-LH-S,Pajero,NJ3Z45,28,3.65
89,INJECTOR KIT-FUEL,Pajero,NJ5V25,22,25.55
90,VALVE-AIR CLEANER UN,Pajero,NJ5V25,16,3.65
91,SHIELD-RR WHEEL SPLA,Pajero,NJ5Z45,1,3.65
92,SHIELD-RR WHEEL SPLA,Pajero,NJ5Z45,18,32.85
93,DECAL-DOHC-24 V6 350,Pajero,NJ7W45,17,18.25
94,MANUAL-WORKSHOP-ELEC,Pajero,NK0000,9,29.2
95,SPARE WHEEL COVER-23,Pajero,NK1V45,25,3.65
96,SHOCK ABSORBER-RR SU,Pajero,NK1V45,17,18.25
97,HOLDER-SUNVISOR-L.GR,Pajero,NK1V45,13,91.25
98,HORN-LOW TONE,Pajero,NK1V45,21,3.65
99,DUCT-AIR CLEANER-INT,Pajero,NK1V45,13,18.25
100,CUSHION-CROSSMEMBER,Pajero,NK1V45,23,7.3
101,CUSHION-CROSSMEMBER,Pajero,NK1V45,27,3.65
102,BUSHING-25MM,Pajero,NK1V45,28,25.55
103,PAINT-VENUS RED-AZ/R,Pajero,NK1V45,22,18.25
104,MANUAL-WORKSHOP-ENGI,Pajero,NK1V45,4,18.25
105,TAPE-TAILGATE-UPR-LH,Pajero,NK3W45,19,32.85
106,TAPE-TAILGATE-UPR-RH,Pajero,NK3W45,13,36.5
107,MUD GUARD-FR-RH-BLAC,Pajero,NK3Z45,9,3.65
108,TAPE-QTR PANEL-RH-GO,Pajero,NK3Z45,25,18.25
109,TAPE-TAILGATE-UPR-RH,Pajero,NK3Z45,16,18.25
110,PANEL-QTR-LWR OTR RH,Pajero,NK3Z45,18,3.65
111,PAINT-HANNOVER GREEN,Pajero,NK3Z45,14,3.65
112,HOSE-SUCTION,Pajero,NK5V25,6,3.65
113,OIL COOLER-ENG,Pajero,NK5V25,9,3.65
114,PLATE-UNDER SKID,Pajero,NK5V25,12,21.9
115,DECAL-V6 3000-GOLD/B,Pajero,NK5V25,24,562.1
116,PLUG-OIL,Pajero,NK5V25,9,36.5
117,BOLT-10X75MM,Pajero,NK5V25,26,3.65
118,COVER-TIMING BELT,Pajero,NK5V25,18,14.6
119,OIL STRAINER-ENGINE,Pajero,NK5V25,8,14.6
120,SPRING-INLET & EXHAU,Pajero,NK5V25,19,47.45
121,HOSE-ROCKER COVER-PC,Pajero,NK5V25,13,3.65
122,GASKET-TIMING BELT C,Pajero,NK5V25,21,18.25
123,GASKET-TIMING BELT C,Pajero,NK5V25,25,62.05
124,COVER-TIMING BELT,Pajero,NK5V25,26,3.65
125,GASKET-TIMING BELT C,Pajero,NK5V25,24,18.25
126,O-RING-10MM,Pajero,NK5V25,24,58.4
127,PINION-MAIN DRIVE-N=,Pajero,NK5V25,6,10.95
128,SPRING-M/T GEARSHIFT,Pajero,NK5V25,14,3.65
129,FULCRUM-CLUTCH RELEA,Pajero,NK5V25,7,3.65
130,BOLT & WASHER ASSY-8,Pajero,NK5V25,13,51.1
131,FUEL TANK ASSY,Pajero,NK5V45,20,10.95
132,FILM-RR OTR FENDER P,Pajero,NK5Z25,28,3.65
133,TUBE-T/M OIL COOLER-,Pajero,NK6W45,14,7.3
134,BOLT-FLANGE-6X38MM,Pajero,NK7W45,20,43.8
135,PIN-DOWEL-4X9.8MM-LH,Pajero,NK7W45,28,29.2
136,VALVE-EXHAUST,Pajero,NK7W45,19,10.95
137,BOLT & WASHER ASSY-6,Pajero,NK7W45,1,262.8
138,BOLT-6X12MM,Pajero,NK7W45,14,43.8
139,SPRING-INLET & EXHAU,Pajero,NK7W45,29,105.85
140,DUCT-AIR CLEANER TO,Pajero,NK7W45,16,10.95
141,VALVE-FAST IDLE AIR,Pajero,NK7W45,7,3.65
142,PLATE-CAUTION,Pajero,NL1P45,11,197.1
143,LABEL-COOLANT CAUTIO,Pajero,NL1P45,2,73
144,GARNISH-AIR INLET-LH,Pajero,NL1P45,3,3.65
145,JOINT-DRIP MOULDING-,Pajero,NL1P45,7,18.25
146,JOINT-DRIP MOULDING-,Pajero,NL1P45,6,18.25
147,CAP-FR DOOR TRIM SCR,Pajero,NL1P45,14,328.5
148,PLATE-CIGAR LIGHTER-,Pajero,NL1P45,12,10.95
149,PANEL-CONSOLE SWITCH,Pajero,NL1P45,5,3.65
150,PLUG-COMBN METER HOO,Pajero,NL1P45,21,65.7
151,CAP-QTR TRIM,Pajero,NL1P45,13,21.9
152,WEATHERSTRIP-R/DR-IN,Pajero,NL1P45,27,3.65
153,LABEL-TYRE PRESSURE,Pajero,NL1P45,30,47.45
154,MAT-CARGO FLOOR-GREY,Pajero,NL1P45,18,10.95
155,PLUG-FLOOR CONSOLE-G,Pajero,NL1P45,18,740.95
156,DECAL-NON AIRBAG (PA,Pajero,NL1P45,2,7.3
157,MAT-FLOOR-GREY,Pajero,NL1S45,30,3.65
158,SPARE WHEEL COVER-BL,Pajero,NL1V45,20,36.5
159,LID-R/WDO WASHER TK,Pajero,NL1V45,18,36.5
160,GRIP-ROOF SIDE ASSIS,Pajero,NL1V45,30,14.6
161,ARMREST-FR DOOR-GREY,Pajero,NL1V45,19,7.3
162,ASHTRAY-QTR TRIM-GRE,Pajero,NL1W45,2,10.95
163,COVER-RF DRIP MLDG-R,Pajero,NL1Z25,13,54.75
164,COVER-RF DRIP MLDG-R,Pajero,NL1Z25,1,32.85
165,MUD GUARD-RR LH,Pajero,NL1Z25,13,10.95
166,BUSHING-FRONT SUSP S,Pajero,NL1Z25,25,18.25
167,FUEL FILTER,Pajero,NL2Z45,29,167.9
168,LABEL-ENG MAINTENANC,Pajero,NL3V45,25,65.7
169,LABEL-ENG MAINTENANC,Pajero,NL3V45,9,65.7
170,KIT-HITCH COVER-1200,Pajero,NM1P45,22,135.05
171,LABEL-JACK CAUTION,Pajero,NM1P45,21,3.65
172,PANEL-INSTRUMENT-CTR,Pajero,NM1P45,12,7.3
173,AIR OUTLET-IN/PANEL,Pajero,NM1P45,16,29.2
174,HEADLINING-L/BEIGE,Pajero,NM1P45,3,25.55
175,MAT-FLOOR,Pajero,NM1P45,22,7.3
176,HOLDER-QTR ARMREST C,Pajero,NM1P45,20,10.95
177,SUNVISOR-RH-GREY,Pajero,NM1P45,20,10.95
178,HOLDER-I/P CONSOLE-D,Pajero,NM1P45,6,3.65
179,TOWBAR PKGE ASSY-120,Pajero,NM1P45,9,131.4
180,DECAL-'TANAMI',Pajero,NM1P45,28,4091.65
181,SCUFF PLATE-BACK DOO,Pajero,NM1V45,23,3.65
182,LABEL-TYRE PRESSURE,Pajero,NM1V45,30,266.45
183,BEZEL-RR COMB LAMP-L,Pajero,NM1W45,15,36.5
184,GARNISH-SIDE STEP,Pajero,NM2P45,28,10.95
185,STEP ASSY-SIDE-LH,Pajero,NM2P45,12,7.3
186,STEP ASSY-SIDE-RH,Pajero,NM2P45,1,3.65
187,MARK-DIESEL-<DI-D>-C,Pajero,NM4P45,15,87.6
188,SCUFF PLATE KIT; REAR,Pajero,NP1P45,20,317.55
189,SCREEN-INSECT-UPPER,Pajero,NP1P45,28,10.95
190,SCREEN-INSECT-LOWER,Pajero,NP1P45,6,14.6
191,MAT-CARPET-CARGO COM,Pajero,NP1P45,26,10.95
192,COVER-S/WHL A-GREEN/,Pajero,NP1P45,17,102.2
193,COVER-S/WHL S-SILVER,Pajero,NP1P45,5,102.2
194,COVER-S/WHL P-BLACK/,Pajero,NP1P45,5,80.3
195,DEFLECTOR-RR-GREEN,Pajero,NP1P45,21,43.8
196,WHEEL ARCH FLARE KIT,Pajero,NP1W45,13,175.2
197,WHEEL ARCH FLARE KIT,Pajero,NP1W45,4,153.3
198,COVER-S/WHEEL GALAXY,Pajero,NP2X45,11,160.6
199,ROD-RR SUSP LATERAL,Pajero,QA1H25,29,10.95
200,WEATHERSHIELD PACKAG,Pajero,QA1H25,30,80.3
201,WEATHERSHIELD PACKAG,Pajero,QA1H25,22,91.25
202,ARM ASSY-RR SUSP-UPR,Pajero,QA3H45,1,83.95
203,HOOK-FLOOR MAT-5X12M,Pajero,QA5H25,24,197.1
204,ARM ASSY-RR SUSP-LWR,Pajero,QA5H25,4,3.65
205,GARNISH-FR DECK,Pajero,QA5H25,15,25.55
206,BUSHING-RR SWAY BAR,Pajero,QA5H25,4,3.65
207,LABEL-TIRE PRESSURE,Pajero,QA5H25,22,14.6
208,BUSHING-RR SWAY BAR,Pajero,QA5H25,19,21.9
209,BUSHING KIT-FR SUSP,Pajero,QA5H25,16,29.2
210,BRACKET-FR SUSP STRU,Pajero,QA5H25,20,3.65
211,ARM ASSY-RR SUSP-UPR,Pajero,QA5H25,29,10.95
212,LABEL-A/C REFRIGERAN,Pajero,QA5H25,17,3.65
213,BOX-I/P PARCEL-RH-D/,Pajero,QA5H25,10,10.95
214,CAP-FR DOOR ARMREST,Pajero,QA5H25,29,21.9
215,DUSTGUARD PACKAGE-RE,Pajero,QA5H25,19,29.2
216,BONNET PROTECTOR PAC,Pajero,QA5H25,6,65.7
217,MAT PKGE-FR & RR-LWB,Pajero,QA5H25,14,73
218,TOWBAR PKG-(WRG+TONG,Pajero,QA5H25,7,69.35
219,COVER-SPARE WHEEL-VI,Pajero,QA5H25,13,94.9
220,BONNET PROTECTOR PAC,Pajero,QA5H25,26,36.5
221,TOWBAR PKG-(WRG+TONG,Pajero,QA5H25,18,36.5
222,DECAL-'ZR',Pajero,QA5H25,6,295.65
223,MOULDING-DRIP SIDE-F,Pajero,QA5H45,2,3.65
224,TAPE-CTR PILLAR-RH,Pajero,QA5H45,21,14.6
225,HOSE-RADIATOR-UPPER(,Galant,HG0000,28,21.9
226,CONDENSER ASSY,Galant,HH1P41,13,3.65
227,HOLDER-ROD,Galant,HH1P41,6,36.5
228,SUPPORT-HOOD LATCH,Galant,HH1P41,20,3.65
229,GRILLE ASSY-RADIATOR,Galant,HH1P41,16,7.3
230,MARK-'GALANT',Galant,HH1P41,2,7.3
231,SPACER-AIR INLET GRI,Galant,HH1P41,27,29.2
232,GROMMET-SCREW-4MM,Galant,HH1P41,25,29.2
233,HEADLAMP KIT-LH,Galant,HH1P41,22,7.3
234,SHIELD KIT-F/FNDR SP,Galant,HH1P41,23,3.65
235,GARNISH KIT-AIR INLE,Galant,HH1P41,5,18.25
236,SPACER-AIR INLET GRI,Galant,HH1P41,22,29.2
237,BULB-INSTRUMENT PANE,Galant,HH1P41,19,25.55
238,HOSE-COOLING WATER L,Galant,HH1P41,21,29.2
239,LABEL-EMISSION,Galant,HH1P41,17,3.65
240,TUBE-AIR SUSPENSION,Galant,HH3S44,30,3.65
241,CAP-DISC WHEEL-CENTR,Galant,HH3S44,24,14.6
242,DECAL-2.OL DOHC-MPI-,Galant,HH3S44,15,10.95
243,GASKET-THROTTLE BODY,Galant,HH3S44,16,10.95
244,CRANKSHAFT,Galant,HH3S44,2,7.3
245,GEAR-SPEEDOMETER DRI,Galant,HH3S44,14,14.6
246,WATER PUMP KIT,Galant,HH3S44,3,3.65
247,PLACARD-TYRE FITMENT,Galant,HH5S41,24,25.55
248,FUEL FILTER,Galant,HH5S41,14,76.65
249,NUT-WINDOW WIPER-14M,Galant,HH5S41,19,14.6
250,SPACER,Galant,HH5S41,29,14.6
251,HOSE-FILLER,Galant,HH5S41,23,3.65
252,BULB-I/PANEL SWITCH-,Galant,HH5S41,8,69.35
253,SEAL RING-TURBOCHARG,Galant,HH5S41,11,7.3
254,GASKET-THROTTLE BODY,Galant,HH5S41,13,18.25
255,HOSE-OIL COOLER SIDE,Galant,HH5S41,5,7.3
256,GASKET-THROTTLE BODY,Galant,HH5S41,30,32.85
257,GASKET-AIR FITTING,Galant,HH5S41,3,21.9
258,COUPLING-T/C HOUSING,Galant,HH5S41,7,7.3
259,GASKET KIT-ENGINE OV,Galant,HH5S41,21,7.3
260,CLIP-ROOF RAIL TRIM,Galant,HJ1P44,11,62.05
261,CLIP-ROOF RAIL TRIM,Galant,HJ1P44,21,62.05
262,BRACKET-FR LICENSE P,Galant,HJ1P44,30,7.3
263,STRUT-FRONT SUSPENSI,Galant,HJ1P44,29,21.9
264,MARK-SE,Galant,HJ1P44,13,32.85
265,SCREW,Galant,HJ1P44,7,32.85
266,WEATHERSTRIP-HOOD-FR,Galant,HJ1P44,19,3.65
267,ARM; FR SUSP,Galant,HJ1P44,12,3.65
268,CAP-TAILGATE TRIM-GR,Galant,HJ1P44,26,58.4
269,BRACKET-T/M MOUNTING,Galant,HJ2P44,9,7.3
270,LABEL-EMISSION,Galant,HJ2P44,27,36.5
271,CAP-DISC WHEEL-CENTR,Galant,HJ3S44,15,3.65
272,GASKET-INLET MANIFOL,Galant,HJ3S44,22,51.1
273,CABLE SET-SPARK PLUG,Galant,HJ3S44,16,3.65
274,MARK-V6-24,Galant,HJ3S44,20,25.55
275,GAS SPRING & B/JOINT,Galant,HJ3S44,1,3.65
276,GAS SPRING & B/JOINT,Galant,HJ3S44,19,3.65
277,OPERATORS MANUAL,Magna,TE0000,17,175.2
278,DECAL-FRT FENDER-LH-,Magna,TE2D42,7,32.85
279,DECAL-FRONT DOOR-LH-,Magna,TE2D42,5,29.2
280,DECAL-'CHALLENGE'-LH,Magna,TE2D42,22,18.25
281,DECAL-'CHALLENGE'-RH,Magna,TE2D42,6,29.2
282,BEZEL-METER-BLACK,Magna,TE6D42,16,109.5
283,REGULATOR-RR DR WIND,Magna,TE6U42,15,21.9
284,BUSHING-21MM,Magna,TF2D46,21,500.05
285,TRIM-REAR SHELF-GREY,Magna,TF6D42,24,32.85
286,BEZEL-METER,Magna,TF6D42,4,94.9
287,BEZEL-METER,Magna,TF6D42,19,124.1
288,TRIM ASSY-FRONT DOOR,Magna,TF6D42,3,43.8
289,TRIM ASSY-FRONT DOOR,Magna,TF6D42,3,18.25
290,TRIM ASSY-REAR DOOR-,Magna,TF6D42,25,36.5
291,HEADLINING ASSY-LT.G,Magna,TF6D42,4,292
292,HEADLINING ASSY-LT.G,Magna,TF6D46,28,21.9
293,MARK-'LS',Magna,TF6K42,4,1022
294,TRIM ASSY-FRONT DOOR,Magna,TF6S42,24,18.25
295,TRIM ASSY-REAR DOOR-,Magna,TF6S42,19,18.25
296,PROTECTOR PKGE-DRIVI,Magna,TF6S42,3,109.5
297,GARNISH ASSY-RR PANE,Magna,TF6U42,23,730
298,SUNVISOR ASSY-RH-LIG,Magna,TF6U42,29,40.15
299,CARRIER-SEC CVR-LH-G,Magna,TF6U46,8,1197.2
300,CAP-LUG-CARGO COVER-,Magna,TF6U46,26,594.95
301,LUG-GRAB RAIL-MALE-L,Magna,TF6U46,21,1084.05
302,LUG-GRAB RAIL-FEMALE,Magna,TF6U46,12,1631.55
303,LUG-GRAB RAIL-FEMALE,Magna,TF6U46,11,1766.6
304,SPRING-FRONT-BLUE,Magna,TH7S42,3,29.2
305,KNOB-FADER,Magna,TH8D42,10,7.3
306,PAD-INSTRUMENT-GREY,Magna,TH8D42,12,18.25
307,LID-FLOOR CONSOLE-GR,Magna,TH8D42,13,255.5
308,CAP-RR SHELF TRIM-GR,Magna,TH8D42,11,1569.5
309,GARNISH-RR PNL UPR-D,Magna,TH8D42,7,91.25
310,CUSHION-FLOOR CONSOL,Magna,TH8D42,8,229.95
311,PIN-SPOILER-ATTACH,Magna,TH8D42,30,120.45
312,STUD-SPOILER-ATTACH,Magna,TH8D42,6,138.7
313,LABEL-WARNING SPARE,Magna,TH8D42,15,8132.2
314,TRIM ASSY-RR DR-RH-G,Magna,TH8D42,24,36.5
315,COVER-ROOF RAIL FRON,Magna,TH8D46,17,32.85
316,RAIL ASSY-ROOF-LH,Magna,TH8D46,1,32.85
317,FITTINGS KIT-TO SUIT,Magna,TH8D46,28,18.25
318,MAT ASSY-CARGO FLOOR,Magna,TH8K46,27,7.3
319,HEADLINING ASSY-LT.G,Magna,TH8K46,15,21.9
320,GARNISH-RR PNL UPR-G,Magna,TH8S42,19,14.6
321,PHONE DASHMOUNT-#652,Magna,TJ0000,13,10.95
322,TONGUE ASSY-TOWBAR,Magna,TJ0042,19,21.9
323,TRIM BOARD-RR DR-LH-,Magna,TJ5D42,28,10.95
324,SUNVISOR ASSY-LH-(+M,Magna,TJ6U42,2,105.85
325,SUNVISOR ASSY-RH-LT.,Magna,TJ6U42,16,200.75
326,CARPET-FLOOR-GREY,Magna,TJ6U42,13,40.15
327,CARPET-FLOOR-BEIGE,Magna,TJ6U42,17,73
328,FITTINGS PKG-TOWBAR,Magna,TJ8D42,4,29.2
329,FITTINGS PKG-TOWBAR,Magna,TJ8D42,19,25.55
330,SKIRT PKG-REAR-LH,Magna,TJ8D42,11,94.9
331,SKIRT PKG-REAR-RH,Magna,TJ8D42,14,73
332,WHEEL ARCH FLARE PKG,Magna,TJ8D42,22,36.5
333,WHEEL ARCH FLARE PKG,Magna,TJ8D42,17,32.85
334,SKIRT-SIDE-LH,Magna,TJ8D42,2,164.25
335,SKIRT-SIDE-RH,Magna,TJ8D42,20,200.75
336,FITTING KIT-RR SPOIL,Magna,TJ8D42,22,18.25
337,STOP LAMP KIT-HIGH M,Magna,TJ8D42,7,138.7
338,TOWBAR PKG-1200KG,Magna,TJ8D42,21,54.75
339,FLOOR MAT PACKAGE-SE,Magna,TJ8D42,26,124.1
340,SPOILER KIT-T/LID-VR,Magna,TJ8D42,22,29.2
341,ANTENNA-NAV SYST,Magna,TJ8D42,19,3.65
342,PIN-SHADOW MOUNT-TOW,Magna,TJ8D42,21,25.55
343,FITTINGS PKG-1500KG-,Magna,TJ8D46,26,3.65
344,SHORT ENGINE 3 LITRE,Magna,TJ8D46,25,32.85
345,COVER-TONGUE PLATE,Magna,TJ8D46,9,32.85
346,SKIRT PKG-REAR-RH,Magna,TJ8D46,24,47.45
347,GROUND EFFECTS PKG (,Magna,TJ8D46,23,102.2
348,TONGUE ASSY-TOWBAR,Magna,TJ8D46,24,36.5
349,DOOR PKG-CARGO BARRI,Magna,TJ8D46,5,36.5
350,FITTING KIT-PLUG & B,Magna,TJ8D46,26,32.85
351,DRIVING LIGHT COVER,Magna,TJ9S42,8,29.2
352,TRAILER WIRING PACKA,Magna,TJ9S42,19,47.45
353,SPOILER ASSY-T/LID-(,Magna,TJ9S42,11,149.65
354,POCKET-FR ST BACK PA,Magna,TL7V42,10,54.75
355,MAT-DASH PROTECTOR-L,Magna,TL8D42,3,3.65
356,MAT SET-FR & RR-CARP,Magna,TL8D42,6,813.95
357,WIRING HARNESS-JUMPE,Magna,TL8D42,12,2222.85
358,MAT SET-CARPET-BEIGE,Magna,TL8D42,10,197.1
359,SUNGUARD PKG-REAR,Magna,TL9V42,19,47.45
360,WIRING ASSY LNK,Magna,TM0000,27,51.1
361,LAMP ASSY RR LH,Magna,TM0000,26,25.55
362,BRKT-FR BUMP-LH,Magna,TM0000,29,3.65
363,SEAL ASSY-OIL INNER,Magna,TM0000,7,83.95
364,SWITCH ASSY,Magna,TM0000,14,10.95
365,CAP AND TUBE,Magna,TN0000,25,153.3
366,MOTOR & PUMP ASSY,Magna,TN0000,8,69.35
367,LENS-FRONT TURN-LH,Magna,TN0000,6,160.6
368,GASKET-CATALYST-MANI,Magna,TN0000,25,697.15
369,HOSE RAD UPPER,Magna,TN0000,14,186.15
370,CABLE-CRUISE,Magna,TN0000,13,222.65
371,HEADLAMP ASS LH,Magna,TN0000,24,69.35
372,GLASS & BACKING PLAT,Magna,TN0000,24,116.8
373,FUSIBLE LINK,Magna,TN0000,9,3190.1
374,MOTOR ASSY FAN,Magna,TN0000,8,10.95
375,PANEL-FRONT DOOR OUT,Magna,TN0000,6,25.55
376,MOTOR ASSY-BLOWER,Magna,TN0000,22,7.3
377,MOULDING-WINDSHIELD,Magna,TN0000,27,339.45
378,MOULDING-PROTECT-FRT,Magna,TN0000,24,467.2
379,MOULDING-PROTECT-FRO,Magna,TN0000,13,226.3
380,MOULDING-PROTECT-REA,Magna,TN0000,8,397.85
381,HOOK ASSEMBLY-LID LO,Magna,TN0000,1,10.95
382,BUSH-RADIATOR BODY,Magna,TN0000,6,40.15
383,LATCH ASSY-HOOD,Magna,TN0000,27,3.65
384,HOOK-HOOD,Magna,TN0000,6,36.5
385,BUSH ASSY-LOWER,Magna,TN0000,20,160.6
386,NUT PLATE ASSY-RH,Magna,TN0000,19,189.8
387,PLUG-METER HOOD,Magna,TN0000,4,62.05
388,GROMMET-IGNITION KEY,Magna,TN0000,6,47.45
389,CLIP-MOULDING,Magna,TN0000,12,350.4
390,CVR-I/S HDLE-RH,Magna,TN0000,21,3.65
391,HOSE-BREATHER,Magna,TN0000,11,51.1
392,FLOAT&PIN KIT,Magna,TN0000,22,3.65
393,BREAKER KIT,Magna,TN0000,25,3.65
394,BEARING-THRUST,Magna,TN0000,15,21.9
395,O-RING,Magna,TN0000,19,58.4
396,GAUGE OIL LEVEL,Magna,TN0000,3,14.6
397,PLATE-THRUST,Magna,TN0000,7,18.25
398,SWITCH BACK LHT,Magna,TN0000,21,14.6
399,SWITCH-INHIBITOR,Magna,TN0000,17,7.3
400,RACE-THRUST 1.2,Magna,TN0000,3,14.6
401,TUBE ASSY-COOLER,Magna,TN0041,19,3.65
402,MOULDING-PROTECT-RR,Magna,TN0041,4,73
403,MOULDING-PROTECT-RR,Magna,TN0045,16,54.75
404,ARM ASSY-LOWER-LH,Magna,TN0X00,7,69.35
405,HEADLAMP ASSY RH,Magna,TP0000,19,76.65
406,MOULDING-HEADER PANE,Magna,TP0000,21,1022
407,INSTRUCTION SHEET,Magna,TP0000,29,69.35
408,DECAL-REAR LAMP,Magna,TP0041,10,328.5
409,MANIFOLD ASSY-INLET,Magna,TP1H45,7,3.65
410,PIPE ASSY-AIR,Magna,TP2H45,3,156.95
411,MIRROR ASSY-REAR VIE,Magna,TP2H45,21,3.65
412,MIRROR ASSY-REAR VIE,Magna,TP2H45,14,94.9
413,MODULE SET,Magna,TP2H45,15,131.4
414,CABLE PACKAGE,Magna,TP2H45,20,36.5
415,V BELT-ALTERNATOR DR,Magna,TP2H45,30,25.55
416,HOSE-BREATHER,Magna,TP2H45,28,65.7
417,CYLINDER-DOOR LOCK-R,Magna,TP3P41,14,14.6
418,CLIP-TRIM,Magna,TP4D41,9,292
419,SHOCK-ABSORBER-REAR,Magna,TP4D41,6,219
420,PANEL-ROOF,Magna,TP4D41,12,3.65
421,CABLE ASSY-PARK BRAK,Magna,TP4D41,26,25.55
422,LAMP ASSY-LICENCE PL,Magna,TP4D41,22,58.4
423,MUFFLER & PIPE ASSY-,Magna,TP4D41,7,40.15
424,PANEL-QUARTER OUTER-,Magna,TP4D41,12,10.95
425,CLIP-REAR BUMPER,Magna,TP4D41,5,777.45
426,CLIP-CANOE,Magna,TP4D41,5,219
427,PAD ASSY-STRG WHEEL-,Magna,TP4D45,20,25.55
428,SENDER UNIT-WATER TE,Magna,TP4D45,6,164.25
429,GAUGE-FUEL,Magna,TP4D45,26,182.5
430,PRESSURE REGULATOR,Magna,TP4D45,25,14.6
431,SENSOR-OXYGEN,Magna,TP4D45,16,18.25
432,FILTER-FUEL,Magna,TP4D45,26,365
433,BRACKET-REAR BUMPER,Magna,TP4D45,6,14.6
434,BRACKET-REAR BUMPER,Magna,TP4D45,28,142.35
435,LAMP ASSY-REAR COMBI,Magna,TP4D45,11,149.65
436,COVER-UNDER-RH,Magna,TP4D45,26,43.8
437,MUFFLER & PIPE ASSY-,Magna,TP4D45,30,73
438,BUSHING-ROD-LOWER AR,Magna,TP4D45,7,10.95
439,PANEL-HEADER,Magna,TP4D45,5,288.35
440,MIRROR ASSY-REAR VIE,Magna,TP4D45,8,47.45
441,GARNISH & LAMP ASSY-,Magna,TP4D45,21,43.8
442,MANIFOLD-EXHAUST,Magna,TP4D45,11,124.1
443,BUSHING-B,Magna,TP4D45,24,51.1
444,TRIM-ROOF RAIL-BROWN,Magna,TP4D45,2,62.05
445,TUBE ASSY-FEED-LH,Magna,TP4D45,23,10.95
446,CABLE ASSY-SPEED CON,Magna,TP4P45,1,94.9
447,GRILLE ASSY-RADIATOR,Magna,TP4P45,2,51.1
448,SENDER UNIT-FUEL TAN,Magna,TP4X41,12,124.1
449,ANTENNA ASSY-REAR PO,Magna,TP4X41,12,18.25
450,MAST ASSY,Magna,TP4X41,8,120.45
451,CLIP-COVER,Magna,TP4X45,16,149.65
452,CLIP-TRIM-LIGHT GREY,Magna,TR0000,19,219
453,SLEEVE ASSY-TENSIONE,Magna,TR0000,13,459.9
454,SPRING-TENSIONER,Magna,TR0000,16,2748.45
455,INSULATOR-ROLL STOPP,Magna,TR2000,17,430.7
456,HEAD ASSY-CYLINDER,Magna,TR2H41,18,3.65
457,HOSE-RADIATOR UPPER,Magna,TR2H41,15,120.45
458,ESCUTCHEON-ACTUATE K,Magna,TR3D45,13,113.15
459,GASKET-THROTTLE BODY,Magna,TR3P41,30,21.9
460,COVER ASSY-SPARE WHE,Magna,TR3P45,19,80.3
461,W/STRIP-RR DR INNER-,Magna,TR4D41,23,259.15
462,CONTROL UNIT-ELECTRO,Magna,TR4D41,2,328.5
463,INJECTOR ASSY-FUEL,Magna,TR4D41,21,149.65
464,GASKET-SURGE TANK,Magna,TR4D41,16,1120.55
465,ARM ASSY-LOWER-LH,Magna,TR4D41,22,76.65
466,ARM ASSY-LOWER-RH,Magna,TR4D41,27,109.5
467,INDICATOR-ENGINE OIL,Magna,TR4D41,25,624.15
468,MOULDING ASSY-RR WDO,Magna,TR4D41,4,1460
469,GARNISH ASSY-MIRROR-,Magna,TR4D41,8,412.45
470,GARNISH ASSY-MIRROR-,Magna,TR4D41,29,240.9
471,CABLE-COIL TO DISTRI,Magna,TR4D41,16,18.25
472,HUB & STUD ASSY-14',Magna,TR4D41,20,160.6
473,BELT PACKAGE-BUCKLE,Magna,TR4D41,28,215.35
474,CLAMP-SPARE TYRE,Magna,TR4D41,5,3.65
475,RUBBER-BUMP,Magna,TR4D41,19,47.45
476,GRILLE ASSY-RADIATOR,Magna,TR4P41,7,146
477,BOX-INNER,Magna,TR4P41,4,21.9
478,HOSE-RADIATOR LOWER,Magna,TR5D41,27,244.55
479,SHROUD ASSY-FAN,Magna,TR6D41,11,62.05
480,TUBE-LIQUID,Magna,TR6D41,30,18.25
481,PUMP-FUEL,Magna,TR6D41,23,730
482,HOSE-RETURN,Magna,TR6D41,26,43.8
483,HOSE-SUCTION,Magna,TR6D41,24,102.2
484,MANUAL-OPERATORS,Magna,TS0000,28,156.95
485,PIN-DOOR HANDLE,Magna,TS0000,8,1175.3
486,PIN-DOOR HANDLE LEVE,Magna,TS0000,12,1098.65
487,INSERT-DOOR HANDLE,Magna,TS0000,24,3332.45
488,LENS-REAR GARNISH-LH,Magna,TS0041,15,1456.35
489,LENS-REAR GARNISH-RH,Magna,TS0041,13,1208.15
490,OPERATORS MANUAL,Verada,KE0000,13,135.05
491,OPERATORS MANUAL,Verada,KE0000,7,116.8
492,LABEL-EMISSION,Verada,KE6L42,19,120.45
493,LABEL-EMISSION,Verada,KE6L42,5,156.95
494,BUSHING-CROSSMEMBER,Verada,KE8H42,21,1503.8
495,BUSHING-CROSSMEMBER,Verada,KE8H42,4,1503.8
496,TRIM-TAILGATE-UPPER-,Verada,KF2X46,2,178.85
497,TRIM-TAILGATE-UPPER-,Verada,KF2X46,10,178.85
498,ASHTRAY ASSY-WOODPRI,Verada,KF6G42,18,7.3
499,PANEL-FLR CONSOLE-WO,Verada,KF6G42,17,62.05
500,PANEL-FLR CONSOLE-WO,Verada,KF6G42,28,62.05
501,SUNVISOR ASSY-RH-LIG,Verada,KF8H42,21,18.25
502,SUNVISOR ASSY-RH-LIG,Verada,KF8H42,10,32.85
503,SUNVISOR ASSY-LH-(+M,Verada,KF8H42,19,43.8
504,TRIM-TAILGATE LOWER-,Verada,KF8H46,2,3.65
505,HEADLINING ASSY-LT.G,Verada,KF8H46,2,3.65
506,MARK-'3.5XI',Verada,KF8X42,7,113.15
507,GLOVEBOX ASSY-LT.GRE,Verada,KH6G42,26,32.85
508,CARPET-FLOOR-GREY,Verada,KH6G42,30,36.5
509,CARPET-FLOOR-BEIGE,Verada,KH6G42,18,65.7
510,JACK ASSY,Verada,KH6G42,1,3.65
511,HEADLINING ASSY-LT.G,Verada,KH6G42,2,43.8
512,BEZEL-RR LAMP-LH-UNP,Verada,KH8H42,26,390.55
513,BEZEL-RR LAMP-RH-UNP,Verada,KH8H42,19,438
514,GARNISH-RR PNL UPR-V,Verada,KH8H42,23,73
515,MARK-EI,Verada,KH8H42,2,233.6
516,COVER-CARGO SECURITY,Verada,KH8H46,25,69.35
517,TRIM ASSY-FRONT DOOR,Verada,KH8X42,11,10.95
518,MARK-XI,Verada,KH8X42,9,671.6
519,LABEL-TYRE PRESSURE,Verada,KJ8H42,8,1679
520,SUNVISOR ASSY-LH-(+M,Verada,KJ8H42,3,222.65
521,SUNVISOR ASSY-RH-LT.,Verada,KJ8H42,28,142.35
522,SUNVISOR ASSY-LH-(+M,Verada,KJ8H42,16,124.1
523,HEADLINING ASSY-LT.G,Verada,KJ8H42,3,29.2
524,HEADLINING ASSY-LT.B,Verada,KJ8H42,25,29.2
525,TRIM ASSY-FR DR-RH-B,Verada,KJ8H42,29,62.05
526,TRIM-REAR DOOR-RH-BR,Verada,KJ8H42,29,21.9
527,TRIM-TRUNK LID-GREY,Verada,KJ8X42,5,102.2
528,MAT SET-AWD-BEIGE,Verada,KJ9F42,11,153.3
529,TOWBAR PKG-1200KG,Verada,KJ9X42,10,58.4
530,W/STRIP-FR DR INNER-,Verada,KR0000,28,317.55
531,PLATE-SHIELD-LH,Verada,KR0000,20,500.05
532,COLUMN ASSY-STEERING,Verada,KR0000,25,10.95
533,KIT-A/C FAN RELAY JU,Verada,KR0000,30,62.05
534,W/STRIP-FRONT DOOR I,Verada,KR0000,11,10.95
535,LEVER-SEAT ADJUST-RH,Verada,KR0000,18,43.8
536,EXTENSION-QTR OUTER,Verada,KR0041,7,10.95
537,BRACE-REAR FLOOR SID,Verada,KR0041,25,65.7
538,MOULDING-DRIP-LH,Verada,KR0041,14,215.35
539,CLIP-TRIM,Verada,KR0041,25,532.9
540,SHIELD KIT-SPLASH-RE,Verada,KR0041,7,7.3
541,CLIP-TORSION BAR,Verada,KR0041,26,29.2
542,CLIP-XMAS TREE-DARK,Verada,KR1P45,27,1795.8
543,PLATE-SHIELD-RH,Verada,KR8000,23,29.2
544,FRAME-UPPER OUTER-RH,Verada,KR8000,6,32.85
545,FRAME-UPPER OUTER-LH,Verada,KR8000,22,80.3
546,MANIFOLD-EXHAUST-RH,Verada,KR8P41,23,448.95
547,TORSION AXLE & ARM A,Verada,KR8P41,10,54.75
548,BELT PACKAGE-TONGUE,Verada,KR8P41,12,120.45
549,BUSHING-B,Verada,KR8P41,8,14.6
550,CABLE ASSY-THROTTLE,Verada,KR8P45,13,40.15
551,AXLE ASSY-REAR,Verada,KR8P45,10,21.9
552,O-RING-FUEL TANK-15.,Verada,KR8P45,12,7.3
553,BOLT-8X5.5MM,Verada,KR8P45,15,7.3
554,STRUT ASSY,Verada,KR8X41,2,3.65
555,FENDER SHIELD ASSY-L,Verada,KS0000,16,10.95
556,CABLE-SPARK-NO.3,Verada,KS0000,24,87.6
557,BELT PACKAGE-TONGUE,Verada,KS0000,3,25.55
558,COIL-EVAPORATOR,Verada,KS0000,25,3.65
559,VALVE-EXPANSION,Verada,KS0000,13,7.3
560,MOULDING-DRIP-RH,Verada,KS0041,27,255.5
561,CAP-MOTOR-DARK GREY,Verada,KS0045,16,54.75
562,CAP-LUG-CARGO COVER-,Verada,KS0045,27,317.55
563,CARRIER-CARG SEC CVR,Verada,KS0045,28,292
564,COVER-RESTRAINT ANCH,Verada,KS0045,6,208.05
565,CLIP-BRAKE HOSE,Verada,KS8J45,25,1460
566,HOSE-SUCTION,Verada,KS8P41,8,47.45
567,BELT PACKAGE-TONGUE,Verada,KS8X41,16,7.3
568,BRACKET-RH,Nimbus,UA0P45,13,21.9
569,HOUSING-RHR LMP,Nimbus,UA0P45,13,10.95
570,GRILLE FILLER,Nimbus,UA0P45,16,14.6
571,DRIVE BELT,Nimbus,UA0P45,4,98.55
572,CUSHION-CONTACT,Nimbus,UB0000,19,29.2
573,INSULATOR-RL-FT,Nimbus,UC5P45,3,7.3
574,HOSE RADTR LOWR,Nimbus,UC6P45,25,7.3
575,GAUGE-OIL LEVEL-AUTO,Nimbus,UC6P45,5,3.65
576,MARK-NIMBUS,Nimbus,UF1P45,2,193.45
577,PROTECTOR PKGE-HOOD,Nimbus,UF1P45,15,14.6
578,BUSHING-COIL SPRING,Nimbus,UF1P45,24,255.5
579,BOX-STEREO ACCESSORY,Nimbus,UF1P45,4,14.6
580,KNOB-MAIN-VOL,Nimbus,UF1P45,26,25.55
581,MOULDING-QTR PNL PRO,Nimbus,UF1P45,3,36.5
582,MOULDING-TAILGATE,Nimbus,UF1P45,5,18.25
583,KNOB-INSIDE LOCK-DAR,Nimbus,UF1P45,10,29.2
584,LID-TAILGATE LWR TRI,Nimbus,UF1P45,13,18.25
585,ARM ASSY-FR SUSP-LWR,Nimbus,UF1P45,4,3.65
586,ARM ASSY-FR SUSP-LWR,Nimbus,UF1P45,25,7.3
587,BLADE-WIPER-550MM-DR,Nimbus,UF1P45,24,21.9
588,TRIM-TAILGATE-GREY,Nimbus,UF1P45,10,7.3
589,LABEL-EMISSION,Nimbus,UF1P45,10,21.9
590,LABEL-SERVICE,Nimbus,UF1P45,28,7.3
591,LABEL-TIRE PRESSURE,Nimbus,UF1P45,10,21.9
592,GARNISH-TAILGATE-LWR,Nimbus,UF1P45,23,3.65
593,PLUG-FLOOR CONSOLE,Nimbus,UF1P45,1,7.3
594,HEADLAMP PROTECTOR P,Nimbus,UG3P45,30,69.35
595,WEATHERSHIELD PACKAG,Nimbus,UG3P45,12,62.05
596,ROOF RACK SERVICE KI,Nimbus,UG4P45,28,40.15
597,CENTRE-WHEEL ORNAMEN,Outlander,ZE2P45,29,146
598,FITTING KIT-ROOF RAC,Outlander,ZE2P45,17,14.6
599,LABEL-GENUINE PARTS,Outlander,ZYMISC,3,897.9
600,PKG-FITTINGS WEATHER,Outlander,ZYMISC,18,98.55
601,HOSE CLIPS-PACK OF 5,Outlander,ZYMISC,14,222.65
602,HOSE CLIPS-PACK OF 5,Outlander,ZYMISC,14,237.25
603,HOSE CLIPS-PACK OF 5,Outlander,ZYMISC,16,277.4
604,HOSE CLIPS-PACK OF 5,Outlander,ZYMISC,1,277.4
605,PIPE RETAIN CLIPS-PA,Outlander,ZYMISC,5,127.75
606,FUEL CLIPS-PACK OF 1,Outlander,ZYMISC,7,244.55
607,FUEL CLIPS-PACK OF 1,Outlander,ZYMISC,18,127.75
608,FUEL CLIPS-PACK OF 1,Outlander,ZYMISC,11,113.15
609,FUEL CLIPS-PACK OF 1,Outlander,ZYMISC,2,149.65
610,FLEXI-DRIVER,Outlander,ZYMISC,1,43.8
611,HOSE CLAMP X10 (8-16,Outlander,ZYMISC,14,127.75
612,LOCK SPRING; DWP-4P,Outlander,ZYMISC,16,197.1
613,VALVE-TURBO,Outlander,ZYMISC,3,3.65
614,GASKET-CYLINDER HEAD,Outlander,ZYMISC,5,3.65
615,DUCT-AIR,Outlander,ZYMISC,15,7.3
616,TRIM BOARD-FR DR-RH-,Outlander,ZYMISC,20,32.85
617,FOAM-RUBBER-590X305X,Outlander,ZYMISC,17,1518.4
618,PACKAGE CARTON-AIR B,Outlander,ZYMISC,24,876
619,FLURO LABELS-BLUE (6,Outlander,ZYMISC,16,87.6
620,HEADLAMP KIT-RH,Outlander,ZYMISC,23,7.3
621,CONVERTER ASSY-CATAL,Outlander,ZYMISC,4,7.3
622,SEAT BELT BUCKLE-REC,Outlander,ZYMISC,19,777.45
623,SEAT BELT BUCKLE-REC,Outlander,ZYMISC,18,751.9
624,SEAT BELT BUCKLE-REC,Outlander,ZYMISC,27,208.05
625,SEAT BELT BUCKLE-REC,Outlander,ZYMISC,14,839.5
626,FIRE EXTINGUISHER,Outlander,ZYMISC,6,149.65
627,WIRE SHOE ADJUS,L200_utility,MC0000,28,83.95
628,LENS RHS TURN,L200_utility,MC0000,29,3.65
629,LENS ASSY RHR,L200_utility,MC0000,5,3.65
630,CABLE-P/B LEVER,L200_utility,MC0000,5,47.45
631,KNOB DOOR LOCK,L200_utility,MC0000,6,10.95
632,LEVER ASSY-CONT,L200_utility,MC0F27,5,3.65
633,HOSE-RAD LOWER,L300_Express,SC0000,13,21.9
634,EXPRESS N/PLATE,L300_Express,SE0000,13,65.7
635,ELEMENT AIR CLN,L300_Express,SE0000,19,25.55
636,CUSHION RAD SUP,L300_Express,SE0000,12,47.45
637,LAMP ASSY-LICEN,L300_Express,SE0000,22,7.3
638,SEAL-OIL,L300_Express,SE0000,3,945.35
639,JOINT HEATER,L300_Express,SE0000,25,3.65
640,HINGE-QTR WDO,L300_Express,SE0000,17,10.95
641,BUSH-GEARSHIFT,L300_Express,SE0000,20,441.65
642,ROLLER GUIDE-LH,L300_Express,SE0000,12,120.45
643,GASKET-LAMP FRT,L300_Express,SE0000,1,3.65
644,TANK ASSEMBLY,L300_Express,SE0000,12,14.6
645,CONT-VAC-SUB-AS,L300_Express,SE0000,8,7.3
646,SHAFT UPPER ARM,L300_Express,SE0000,10,3.65
647,BUSH-GR CON ROD,L300_Express,SE0000,20,102.2
648,IDLER ARM (SX1162),L300_Express,SE5H35,6,21.9
649,WASHER-LOCK,L300_Express,SF1H35,30,120.45
650,INSULATOR ENGIN,L300_Express,SF3Z35,5,3.65
651,PKGE-WEATHERSHIELD-T,L400,WA1M35,5,25.55
652,PKG-WEATHERSHIELD-LH,L400,WA6M35,21,98.55
653,FUEL FILTER,L400,WA8P95,18,25.55
654,OPERATORS MANUAL,Lancer,CB1H41,6,21.9
655,CAP-DISC WHEEL-CENTR,Lancer,CB1H41,12,18.25
656,GRILLE ASSY-RADIATOR,Lancer,CB1H41,29,7.3
657,BRACKET-C/MBR ROLL S,Lancer,CB2H41,19,3.65
658,FITTING-WATER OUTLET,Lancer,CB3H41,25,10.95
659,LABEL-EMISSION,Lancer,CB3H41,12,7.3
660,GASKET-INLET MANIFOL,Lancer,CB3H41,7,36.5
661,LABEL-EMISSION,Lancer,CB3H41,14,25.55
662,GASKET-THROTTLE BODY,Lancer,CB3H41,15,29.2
663,ROTOR-DISTRIBUTOR,Lancer,CB3H41,3,25.55
664,CAP ASSY-DISTRIBUTOR,Lancer,CB3H41,7,7.3
665,HOOK-REAR SHELF,Lancer,CB3P24,6,29.2
666,BUSHING-FR SUSP STAB,Lancer,CB3P24,16,25.55
667,FUEL FILTER,Lancer,CB4P44,6,36.5
668,V BELT-POWER STEERIN,Lancer,CB5S24,18,54.75
669,CLIP-DISC PAD-LOWER,Lancer,CB5S24,4,18.25
670,HOSE KIT-HEATER WATE,Lancer,CB5S24,27,7.3
671,BOLT-6X15MM,Lancer,CB5S24,20,94.9
672,CABLE SET-SPARK PLUG,Lancer,CB5S24,26,7.3
673,SPRING-INLET & EXHAU,Lancer,CB5S24,13,109.5
674,GASKET-THERMOSTAT CA,Lancer,CB5S24,19,43.8
675,GASKET-WATER PUMP,Lancer,CB5S24,9,7.3
676,DRIVE BELT,Lancer,CB5S24,30,32.85
677,FUEL FILTER,Lancer,CB5S44,25,229.95
678,FUEL FILTER,Lancer,CC0000,15,149.65
679,WEATHERSHIELD PACKAG,Lancer,CC1M21,30,29.2
680,LABEL-TYRE FITMENT,Lancer,CC1M21,8,14.6
681,VALVE-VACUUM SOLENOI,Lancer,CC1M21,27,58.4
682,HOSE & TUBE ASSY-COM,Lancer,CC1M21,29,14.6
683,DECAL-FRONT LH SIDE,Lancer,CC1M21,6,58.4
684,DECAL-FRONT RH SIDE,Lancer,CC1M21,16,47.45
685,DECAL-REAR LH SIDE,Lancer,CC1M21,24,18.25
686,DECAL-REAR RH SIDE,Lancer,CC1M21,15,116.8
687,BOOKLET-SERVICE/WARR,Lancer,CC1M21,9,160.6
688,OPERATORS MANUAL-'96,Lancer,CC1M21,18,21.9
689,CLIP-TRIM,Lancer,CC1M21,1,29.2
690,CLIP-27.2MM,Lancer,CC1M21,6,124.1
691,TANK ASSY-WINDSHIELD,Lancer,CC1M21,15,21.9
692,SIDE SILL-FRONT FLOO,Lancer,CC1M21,13,7.3
693,RAIL-ROOF-FRONT,Lancer,CC1M21,28,10.95
694,HINGE-TRUNK LID-RH,Lancer,CC1M21,12,7.3
695,CAP-DISC WHEEL FULL-,Lancer,CC1M21,22,14.6
696,SHIELD KIT-SPLASH-RE,Lancer,CC1M21,20,10.95
697,BOW-ROOF-NO.2,Lancer,CC1M21,23,3.65
698,WEATHERSTRIP-HOOD-FR,Lancer,CC1M21,9,3.65
699,WEATHERSTRIP-HOOD-FR,Lancer,CC1M21,9,3.65
700,SPRING-FT COMBINATIO,Lancer,CC1M21,30,29.2
701,SPRING-FT COMBINATIO,Lancer,CC1M21,29,32.85
702,SCUFF PLATE-LH-BLUE,Lancer,CC1M21,18,10.95
703,COVER-FT DR I/S HAND,Lancer,CC1M21,14,29.2
704,CAP-RR SHELF TRIM-GR,Lancer,CC1M21,2,32.85
705,COVER-FT DR I/S HAND,Lancer,CC1M21,6,25.55
706,COVER-FT DR I/S HAND,Lancer,CC1M21,10,29.2
707,JOINT-INLET MANIFOLD,Lancer,CC1M21,10,21.9
708,WASHER-CRANKSHAFT PU,Lancer,CC1M21,21,83.95
709,SWITCH-EMISSION CONT,Lancer,CC1M21,28,3.65
710,DUCT-AIR CLEANER INT,Lancer,CC1M21,30,18.25
711,V-BELT-P/S OIL PUMP,Lancer,CC1M21,13,7.3
712,GASKET-CARBY,Lancer,CC1M21,25,69.35
713,IGNITER KIT-DISTRIBU,Lancer,CC1M21,3,3.65
714,COVER-DISTRIBUTOR BR,Lancer,CC1M21,4,18.25
715,BEARING-ROLLER,Lancer,CC1M21,18,3.65
716,DRIVE BELT,Colt,RA0044,20,102.2
717,CABLE ASS ACCEL,Colt,RC0000,22,485.45
718,HOLDER-GLASS-RH,Colt,RD0000,24,3.65
719,CONDENSER-A/C-R12,Express,SH1M35,4,10.95
720,MANUAL-OPERATORS,Express,SH1M35,28,175.2
721,BOLT-6X16MM,Express,SH1M35,14,25.55
722,DECAL GLX 2,Express,SH3H35,23,18.25
723,LAMP UNIT-REAR COMBI,Express,SH3Z35,9,3.65
724,HANDLE REGULATE,Express,SH3Z35,4,3.65
725,V-BELT; 1000,Express,SH4H35,19,10.95
726,DECAL 4WD D/GRY,Express,SJ3V38,4,313.9
727,PLATE-B,Express,SJ3V38,30,146
728,CAP-REAR BUMPER GUAR,Express,SJ3V38,23,29.2
729,LABEL-TIRE PRESSURE,Express,SJ3V38,18,21.9
730,HOLDER-SUNVISOR-SAND,Express,SJ5M38,28,21.9
731,CUSHION-FLOOR CONSOL,Express,SJ5M38,13,105.85
732,CLAMP,Express,SJ5M38,9,434.35
733,LABEL-2.5 LITRE DIES,Express,SJ5M99,15,73
734,LABEL-ENG MAINTENANC,Express,SJ5M99,20,368.65
735,PACKAGE-FITTING KIT,Express,SJ6M35,19,36.5
736,COVER ASSY-FLOAT,Express,SJ7M35,27,3.65
737,PINION-DRIVE,Express,SJ7M35,24,21.9
738,HUB & SLEEVE-M/T-3-4,Express,SJ7M35,30,18.25
739,GAUGE-A/T OIL LEVEL,Express,SJ8M35,4,7.3
740,LENS RHF TURN,Triton,MB0000,18,14.6
741,CHECK ASSY-FRONT DOO,Triton,ME0000,10,7.3
742,DRIVE BELT,Triton,ME0000,2,354.05
743,BELT-COMPRESSOR-R12,Triton,MH1M20,27,10.95
744,BELT-COMPRESSOR-R12,Triton,MH3D20,27,54.75
745,OPERATORS MANUAL,Triton,MJ0000,3,131.4
746,HOSE-EVAPORATOR DRAI,Triton,MJ1M20,5,25.55
747,BOOKLET SERVICE/WARR,Triton,MJ1M20,30,146
748,CONDENSER-R134A,Triton,MJ1M20,24,32.85
749,TUBE ASSY-BLOCK/EVAP,Triton,MJ1M20,27,32.85
750,TUBE ASSY-F.D.R./BLO,Triton,MJ1M20,22,14.6
751,LABEL-COOLANT CAUTIO,Triton,MJ1M20,5,120.45
752,INSULATOR-CLUTCH-OUT,Triton,MJ1M20,19,14.6
753,KEY-BLANK,Triton,MJ1M20,27,105.85
754,COVER-PITMAN ARM,Triton,MJ1M20,11,3.65
755,BUSHING,Triton,MJ1M20,15,76.65
756,BAR-F/SUSP STRUT-RH,Triton,MJ1M20,18,7.3
757,GASKET-F/DR WINDOW-A,Triton,MJ1M20,10,80.3
758,WASHER-5.5MM,Triton,MJ1M20,3,58.4
759,DUST SEAL-SECTOR SHA,Triton,MJ1M20,14,51.1
760,O-RING-STEERING GEAR,Triton,MJ1M20,9,58.4
761,O-RING-INNER-52.5MM,Triton,MJ1M20,16,14.6
762,SEAL RING-BALL SCREW,Triton,MJ1M20,12,7.3
763,HOSE-SUCTION,Triton,MJ1M20,3,10.95
764,LAMP KIT-LICENSE PLA,Triton,MJ1M20,17,21.9
765,HANDLE-OUTSIDE-LH-BL,Triton,MJ1M20,26,21.9
766,COVER-LICENSE PLATE,Triton,MJ1M20,9,10.95
767,GASKET-R/COMBINATION,Triton,MJ1M20,27,25.55
768,BUSH-INSIDE LOCK KNO,Triton,MJ1M20,13,459.9
769,RUNCHANNEL-WINDOW GL,Triton,MJ1M20,24,14.6
770,COVER-DELTA-INNER-RH,Triton,MJ1M20,18,36.5
771,LOCK ASSEMBLY-GLOVEB,Triton,MJ1M20,27,21.9
772,SHIM-CAMBER ADJUST-1,Triton,MJ1M20,1,58.4
773,SHIM-CAMBER ADJUST-2,Triton,MJ1M20,8,233.6
774,PANEL-ROOF,Triton,MJ1M20,3,7.3
775,HANDLE REGULATE,Triton,MJ1M20,9,3.65
776,ASHTRAY-INSTRUMENT P,Triton,MJ1M20,15,36.5
777,GRILLE-INSTR/PNL-CTR,Triton,MJ1M20,5,3.65
778,STUD-EXHAUST MANIFOL,Triton,MJ1M20,14,14.6
779,CONTROL UNIT-GLOW PL,Triton,MJ1M20,1,3.65
780,GASKET-TIMING BELT C,Triton,MJ1M20,24,43.8
781,GASKET-TIMING BELT C,Triton,MJ1M20,20,18.25
782,BRUSH-ALTERNATOR,Triton,MJ1M20,17,47.45
783,O-RING-VACUUM PUMP-B,Triton,MJ1M20,1,43.8
784,VANE-VACUUM PUMP-ROT,Triton,MJ1M20,4,25.55
785,O-RING-ALTERNATOR,Triton,MJ1M20,21,47.45
786,KEY-M/T-1ST & 2ND SY,Triton,MJ1M20,23,116.8
787,BOLT-6X26.5MM,Triton,MJ1M20,4,32.85
788,HUB & SLEEVE-5TH-REV,Triton,MJ1M20,19,3.65
789,PINION-M/T-MAIN DRIV,Triton,MJ1M20,3,14.6
790,SCREW-MACHINE-5X10MM,Triton,MJ1M20,18,87.6
791,SCREW-MACHINE-5X10MM,Triton,MJ1M20,17,87.6
792,PANEL ASSY-FRONT DOO,Triton,MJ1M20,13,14.6
793,LABEL-TYRE PRESSURE,Triton,MJ1M20,9,51.1
794,LENS-BACKUP LAMP,Triton,MJ1M20,26,65.7
795,BOLT-10MM,Triton,MJ1M20,19,138.7
796,DAMPER-RUBBER,Triton,MJ1M27,1,29.2
797,DECAL-RR-LH-2.5 DIES,Triton,MJ1M27,18,14.6
798,PANEL ASSY-REAR DOOR,Triton,MJ1M47,2,3.65
799,GASKET-WATER PUMP,Triton,MJ3D20,24,1602.35
800,INDICATOR-OIL,Triton,MJ3D20,15,481.8
801,BELT-COMPRESSOR-R134,Triton,MJ3D20,24,69.35
802,WASHER-SPECIAL-PLAIN,Triton,MJ3D20,22,266.45
803,SHAFT-COUNTER BALANC,Triton,MJ3D20,4,142.35
804,SHAFT-COUNTER BALANC,Triton,MJ3D20,12,208.05
805,SPROCKET-CAMSHAFT DR,Triton,MJ3D20,26,142.35
806,SPRING-TENSIONER,Triton,MJ3D20,12,153.3
807,PIN-SPRING-6X18MM,Triton,MJ3D20,18,29.2
808,RETAINER-CAMSHAFT SP,Triton,MJ3D20,3,14.6
809,COVER-BELL HOUSING,Triton,MJ3D20,20,7.3
810,RING SET-PISTON-O/S,Triton,MJ3D20,19,3.65
811,DAMPER-TENSIONER,Triton,MJ3D20,10,949
812,CLAMP-AIR CLEANER,Triton,MJ3D20,21,18.25
813,LABEL-EMISION,Triton,MJ3D20,21,21.9
814,GUIDE-CHAIN-TENSION,Triton,MJ3D20,15,32.85
815,BOLT-FLANGE-6X44.8MM,Triton,MJ3D20,6,29.2
816,GUIDE-BALANCER TIMIN,Triton,MJ3D20,14,87.6
817,GASKET-TIMING CHAIN,Triton,MJ3D20,27,29.2
818,GASKET-OIL PUMP,Triton,MJ3D20,12,138.7
819,FILTER-AIR CLEANER-S,Triton,MJ3D20,11,3.65
820,OIL SEAL-DISTRIBUTOR,Triton,MJ3D20,23,32.85
821,VALVE KIT-FLOAT NEED,Triton,MJ3D20,15,3.65
822,SPACER-BEARING,Triton,MJ3D20,4,73
823,PAD-STEERING WHEEL-G,Triton,MJ3D20,10,3.65
824,BOLT-FLANGE-6X60MM,Triton,MJ3D20,6,21.9
825,GAUGE-OIL PRESSURE,Triton,MJ3H23,30,14.6
826,KNUCKLE ASSEMBLY-RH,Triton,MJ3V20,9,3.65
827,SPACER-13.8X38MM,Triton,MJ3V20,11,54.75
828,O-RING-INNER,Triton,MJ3V20,11,10.95
829,DECAL-CAUTION 4WD,Triton,MJ3V20,17,91.25
830,JOINT KIT-F/AXLE SHA,Triton,MJ3V20,7,3.65
831,ARM KIT-F/SUSP-UPPER,Triton,MJ3V20,7,21.9
832,BOLT-FRONT SUSPENSIO,Triton,MJ3V20,9,43.8
833,HOSE-BRAKE FLUID LIN,Triton,MJ3V20,24,51.1
834,DECAL-RR-RH-4WD-SILV,Triton,MJ3V27,2,10.95
835,FUEL TANK ASSY,Triton,MJ5V20,8,3.65
836,JOINT-HEATER PIPING,Triton,MJ5V20,7,3.65
837,LEVER-LID LOCK,Triton,MJ5X47,8,32.85
838,SPRING-LID LOCK LEVE,Triton,MJ5X47,27,25.55
839,MOULDING-DRIP-REAR-L,Triton,MJ5X47,4,3.65
840,TAPE-FRONT DOOR-RH-G,Triton,MJ5X47,17,3.65
841,TAPE-REAR PILLAR-SIL,Triton,MJ5X47,13,43.8
842,TAPE-SIDE GATE-RH-SI,Triton,MJ5X47,29,7.3
843,CLIP-SIDE GARNISH,Triton,MJ5X47,3,69.35
844,GARNISH-REAR DOOR-RH,Triton,MJ5X47,9,3.65
845,SHROUD-RADIATOR COOL,Triton,MJ7V20,25,3.95
999,brakes,nisan,altima,14,99.9
999,brakes,nisan,altima,20,150
999,brakes,nisan,altima,20,100
1000,b_paddle,car,something,32,900
1000,paddle,somecar,somemodel,233,900
